year_remodeled,lot_area,overall_quality,basement_sqft,living_area_sqft,sale_price
1950,5000,1,0,334,39300
1950,10020,1,683,904,61000
1950,9000,2,480,480,35311
1950,8400,2,290,438,60000
1950,6120,2,264,800,60000
1950,6627,3,0,720,72500
1950,8248,3,864,864,67000
1950,8212,3,864,864,58500
1950,9786,3,1007,1077,91000
1950,18000,3,894,894,81000
1950,5925,3,600,968,37900
1950,5790,3,840,1605,107400
1950,10410,3,672,1214,105000
1950,8544,3,0,1040,87500
1950,8544,3,0,1040,93500
1950,8544,3,0,1040,92900
1950,7200,4,0,1040,109900
1950,8400,4,721,841,82000
1950,7879,4,720,720,34900
1950,6000,4,960,960,108500
1950,11600,4,700,1180,137500
1950,3636,4,796,796,55000
1950,6240,4,780,1208,103000
1950,6324,4,520,520,68500
1950,8765,4,951,951,106500
1950,12342,4,861,861,82500
1950,5330,4,420,708,82500
1950,7446,4,788,788,100000
1950,9340,4,672,672,113000
1950,4118,4,693,693,52500
1950,4608,4,747,747,80000
1950,8712,4,859,1178,102776
1950,11040,4,637,1336,108000
1950,7500,4,698,1128,68400
1950,5400,4,840,1374,105000
1950,7804,4,1122,1981,135000
1950,6000,4,672,1324,128000
1950,6060,4,732,1123,100000
1950,8405,4,0,1529,98000
1950,4712,4,747,1230,121600
1950,6240,4,0,912,80500
1950,10800,4,720,1192,135000
1950,9600,4,1095,1774,87000
1950,7740,4,622,1363,125500
1950,8500,4,649,1317,40000
1950,9906,4,686,1328,107000
1950,9084,4,755,1510,108000
1950,6204,4,795,2230,118500
1950,7200,4,0,1040,90000
1950,11340,4,777,2290,122500
1950,5600,4,0,1092,55000
1950,12180,4,672,924,80000
1950,12144,5,832,1268,133000
1950,6000,5,789,789,115000
1950,57200,5,747,1687,160000
1950,7200,5,0,1040,109500
1950,7200,5,0,1048,98300
1950,7200,5,876,988,119000
1950,8777,5,796,796,85000
1950,10625,5,458,835,83000
1950,8967,5,961,1077,67000
1950,5400,5,691,691,86000
1950,8731,5,915,1167,144000
1950,10800,5,1120,1130,120000
1950,6000,5,616,616,89000
1950,4060,5,864,864,99900
1950,6911,5,1145,1301,100000
1950,5604,5,864,864,98000
1950,6120,5,768,1015,88000
1950,8960,5,1008,1028,115000
1950,6305,5,920,954,119750
1950,6380,5,993,1048,113000
1950,6130,5,784,784,109500
1950,10594,5,768,789,96500
1950,4388,5,672,840,87000
1950,5000,5,720,803,87000
1950,5000,5,540,1440,79000
1950,8405,5,861,1367,119000
1950,10800,5,686,1652,139000
1950,12665,5,876,1416,153900
1950,8248,5,686,1250,116000
1950,7681,5,731,1343,154900
1950,5000,5,1026,1691,127000
1950,9738,5,784,1221,104900
1950,6000,5,1008,1522,102000
1950,6240,5,1042,1576,149000
1950,9439,5,912,1248,87000
1950,6240,5,896,1344,115000
1950,6120,5,927,1539,141500
1950,7200,5,731,1768,175000
1950,10134,5,735,1034,109000
1950,8160,5,756,1134,126000
1950,9600,5,728,1308,160000
1950,12358,5,720,1382,128500
1950,9084,5,616,1111,95000
1950,5720,5,676,1131,66500
1950,9492,5,768,1376,105000
1950,10930,5,913,1558,140000
1950,3500,5,720,1284,110000
1950,8480,5,832,1216,118500
1950,21286,5,720,1271,135000
1950,7585,5,810,1456,91500
1950,13710,5,910,1558,152000
1950,7015,5,709,1203,110000
1950,14762,5,0,2320,169000
1950,8525,5,940,1964,130000
1950,13132,5,747,1784,138887
1950,4571,5,624,1344,98000
1950,6402,5,596,1192,78000
1950,11345,5,928,1920,137000
1950,6270,5,1001,2002,145000
1950,13600,5,662,2337,90000
1950,7420,5,991,1077,118000
1950,7800,5,793,1118,119900
1950,10880,5,1164,1164,125000
1950,11664,6,1082,1082,119200
1950,8280,6,932,932,124000
1950,8854,6,952,952,121000
1950,8263,6,1012,1012,118400
1950,11340,6,1200,1200,125000
1950,6180,6,960,986,102000
1950,6292,6,768,790,91000
1950,9000,6,784,784,76000
1950,8520,6,714,2526,136000
1950,21780,6,1163,1674,185000
1950,7920,6,319,1406,89500
1950,4400,6,648,1118,116000
1950,10440,6,1510,2792,256000
1950,8737,6,1065,1635,210000
1950,9600,6,572,1096,79000
1950,7000,6,617,1310,112000
1950,8400,6,1181,1694,136500
1950,7558,6,896,1913,177000
1950,6000,6,862,1158,120000
1950,6240,6,884,1367,127500
1950,11275,6,854,1991,220000
1950,6240,6,816,1176,114500
1950,10480,6,1064,1639,115000
1950,8600,6,780,1376,119500
1950,9000,6,780,1375,141000
1950,6435,6,972,1577,140200
1950,6000,6,780,1412,132500
1950,9060,6,560,1258,105000
1950,9900,6,778,1489,139500
1950,9490,6,806,1578,133000
1950,6000,6,735,1218,131000
1950,8741,6,735,1487,113000
1950,5000,6,1004,1664,159000
1950,17503,6,912,1458,97500
1950,10496,6,1040,1846,143000
1950,9600,6,1032,1252,119000
1950,9900,6,1008,2210,117500
1950,6858,6,806,1647,128000
1950,22420,6,1370,2624,239000
1950,13515,6,764,1824,180500
1950,6629,6,672,1369,103600
1950,12155,6,672,1482,140000
1950,16560,6,952,2345,239000
1950,7500,6,771,1494,177500
1950,5520,6,755,2229,104000
1950,9600,6,735,2058,129500
1950,7136,6,979,1958,145000
1950,9142,6,1020,1928,137000
1950,7449,7,637,1108,139400
1950,9120,7,1026,1820,184000
1950,5700,7,572,1111,116900
1950,6292,7,861,1477,145000
1950,6120,7,952,1774,129900
1950,7758,7,1040,1818,169500
1950,7588,7,793,1802,200100
1950,7200,7,596,1762,157000
1950,10300,7,576,1710,140000
1950,24090,7,1032,2403,244400
1950,12000,7,704,1564,174500
1950,8850,7,815,1690,144000
1950,7128,7,918,1646,164000
1950,10120,7,925,1889,122000
1950,11435,8,792,1517,230000
1951,19138,4,864,864,141000
1951,8877,4,836,1220,102000
1951,7350,5,952,952,139000
1951,10680,5,2136,2136,137900
1952,10206,3,0,944,82000
1952,6420,5,980,1148,123500
1952,8712,5,540,1044,55993
1952,8520,5,910,1385,166000
1952,7596,5,960,1960,124500
1953,6000,4,936,936,93000
1953,5825,4,600,747,79900
1953,10634,5,608,1319,123000
1953,7677,5,773,773,110000
1953,15750,5,1165,1336,157000
1953,21000,6,1809,2259,217000
1953,9600,6,1416,1644,167000
1953,10452,6,1094,1094,155000
1953,12160,6,1505,1505,149500
1953,15593,7,1304,2287,225000
1954,9450,4,894,894,110000
1954,8190,4,948,948,119000
1954,10215,4,864,948,111000
1954,7800,5,1268,1268,132000
1954,21750,5,988,988,113000
1954,9000,5,936,1128,118000
1954,11425,5,1008,1008,137000
1954,13284,5,1383,1383,165000
1954,9920,5,1056,1063,128000
1954,8335,5,0,1124,93000
1954,12150,5,1050,1795,131500
1954,6000,5,811,1387,93000
1954,11310,6,1367,1375,140000
1954,7227,6,832,832,105500
1955,13680,3,0,1733,139600
1955,10434,4,1005,1005,115000
1955,6040,4,0,1152,82000
1955,12108,4,1440,1440,118000
1955,7390,5,1098,1098,135000
1955,6900,5,740,778,120500
1955,16466,5,816,1393,135500
1955,7134,5,384,1360,130000
1955,34650,5,1056,1056,145000
1956,8475,4,952,952,135750
1956,17140,4,1134,1229,135000
1956,8926,4,672,960,112000
1956,5500,4,882,882,103200
1956,12702,5,0,882,97000
1956,9571,5,1144,1144,129000
1956,10152,5,1048,1048,135000
1956,9600,5,1050,1050,128900
1956,9000,6,1196,1196,139000
1956,9855,6,1436,1689,127500
1957,8593,4,907,907,109008
1957,11500,4,0,845,84000
1957,8400,5,1314,1314,145000
1957,6000,5,928,928,112500
1957,14850,5,1092,1092,141000
1957,7100,5,816,816,129900
1957,11988,6,1244,1244,150000
1957,11900,6,1392,1392,166000
1957,8400,6,1478,1478,156500
1958,8877,4,816,816,100000
1958,5900,4,440,869,85500
1958,9571,5,1276,1276,60000
1958,9100,5,864,864,129900
1958,10150,5,912,912,114500
1958,13650,5,1052,1920,172500
1958,11344,5,874,1524,144000
1958,6930,5,1062,1352,130000
1958,11475,5,1584,1776,110000
1958,9464,6,1080,1080,136000
1958,9750,6,1442,1442,157900
1958,14375,6,819,1344,137500
1958,9120,6,1261,1261,163000
1958,10482,6,588,1138,145000
1958,10382,6,588,1095,140000
1959,9320,4,950,1225,128950
1959,17120,4,0,1588,134432
1959,10552,5,1398,1700,165500
1959,16905,5,1350,1328,170000
1959,7945,5,1150,1150,141000
1959,8339,5,0,882,106500
1959,9600,5,1041,1041,124500
1959,7931,5,1148,1148,132500
1959,7560,5,1040,1040,133700
1959,9000,5,1006,1006,80000
1959,17755,5,1466,1466,149900
1959,12160,5,1188,1188,142000
1959,8163,5,1144,1144,143000
1959,8760,6,1194,1194,148000
1959,7332,6,864,864,120000
1959,9100,6,864,864,127500
1959,8910,6,655,1194,159500
1959,10721,6,1252,1252,142000
1960,12493,4,1100,1100,141000
1960,9100,5,742,935,79500
1960,8892,5,1065,1065,126500
1960,7931,5,1269,1269,155000
1960,9300,5,1268,1264,167500
1960,10998,5,984,1604,117000
1960,7910,5,1075,1507,127000
1960,11600,5,1105,2274,154300
1960,10920,6,1253,1253,157000
1960,31770,6,1080,1656,215000
1960,11600,6,1383,1383,145250
1960,17600,6,1478,1478,157500
1961,7943,4,1029,1029,118500
1961,6970,4,1040,1120,129000
1961,8500,5,1235,1235,98600
1961,9945,5,988,988,128500
1961,7875,5,1144,1144,139950
1961,10659,5,1050,1050,136500
1961,8000,5,1800,1800,141000
1961,10197,6,1362,1362,163000
1962,9842,4,0,1224,101800
1962,12968,5,912,912,144000
1962,11616,5,1092,1092,139000
1962,13673,5,1140,1696,143900
1962,6600,5,894,894,109500
1962,7420,5,1057,1057,132000
1962,26142,5,1188,1188,157900
1962,7590,5,864,1812,169500
1962,10205,5,925,999,134500
1962,7728,5,1106,1190,132500
1962,10000,6,1116,1116,160000
1962,9247,6,858,1716,171000
1962,19296,6,1362,1382,176000
1962,9150,6,1099,1431,165000
1963,25286,4,1064,1040,132250
1963,8480,5,970,970,132500
1963,8816,5,1121,1121,139000
1963,7500,5,1040,1040,133000
1963,35133,5,1572,1572,186700
1963,8700,5,1120,1128,155000
1963,9204,5,1144,1144,124000
1963,8472,5,816,816,110000
1963,9100,5,1728,1728,125000
1963,9500,6,1394,1394,159000
1963,9790,6,1328,1328,143000
1963,7056,6,780,1796,140000
1963,8800,6,936,1054,137500
1964,7800,5,912,912,115000
1964,36500,5,1624,1582,190000
1964,14112,5,1152,1152,180500
1964,10624,5,1728,1728,119000
1964,10175,6,1425,1425,180500
1964,8250,6,1092,1092,145000
1964,10004,6,1516,1516,167000
1964,8800,6,1251,1251,160000
1964,9760,6,780,1611,167900
1964,9020,6,1248,1350,168500
1964,12095,6,1127,1445,158000
1965,10921,4,960,960,94750
1965,7560,5,1029,1339,139000
1965,11200,5,1040,1040,129500
1965,8281,5,864,864,62383
1965,10289,5,1073,1073,156000
1965,9170,5,1214,1214,140000
1965,9100,5,925,925,117500
1965,7800,5,828,965,119900
1965,13526,5,935,935,137000
1965,9937,5,1256,1256,147500
1965,6600,5,994,2372,107500
1965,8100,5,849,2138,106000
1965,13101,5,1728,1728,142600
1965,9825,5,0,1664,100000
1965,164660,5,1499,1786,228950
1965,11625,5,1039,1039,131500
1965,8658,6,1088,1324,160000
1965,9200,6,1136,1136,140000
1965,215245,7,2136,2036,375000
1966,5350,3,728,1306,76500
1966,8900,4,1056,1056,107000
1966,7742,5,955,955,127000
1966,7162,5,876,904,109900
1966,11000,5,1154,1154,154000
1966,7094,5,894,894,125000
1966,9477,5,864,892,110000
1966,11777,5,1164,1320,164500
1966,13400,5,1024,1086,159950
1966,7590,6,660,1348,155000
1966,7700,6,756,1839,155000
1966,9020,6,1127,1165,174900
1966,19690,6,697,2201,274970
1966,8400,6,814,913,129000
1966,14200,7,924,2157,226000
1967,10791,4,0,1296,90000
1967,10355,5,1214,1214,143000
1967,8521,5,912,912,125000
1967,9819,5,882,900,122000
1967,7150,5,892,892,100000
1967,6173,5,876,902,125500
1967,28698,5,1013,2126,185000
1967,9750,5,980,980,135500
1967,7838,5,864,900,123000
1967,25000,5,1632,1632,143000
1967,8944,5,1584,1584,124000
1967,9790,6,1372,1342,161500
1968,10778,4,1768,1768,136500
1968,8450,5,1056,1056,142000
1968,11553,5,1051,1159,158000
1968,8978,5,948,948,108000
1968,8724,5,894,894,129000
1968,8250,5,952,1211,134000
1968,9858,5,864,874,130000
1968,8400,5,1052,1052,138500
1968,5400,5,1073,1073,108480
1968,13560,6,1392,1392,110000
1968,9156,6,1489,1489,185750
1968,13000,6,896,2142,193500
1968,11700,6,702,1743,175000
1968,11700,6,727,1556,154000
1968,11700,6,708,1416,179900
1968,11160,7,2110,2110,244000
1968,9900,7,832,1978,176000
1969,12900,4,1198,1258,108959
1969,9920,5,971,971,128500
1969,15870,5,1096,1096,138800
1969,13907,5,996,996,108000
1969,11606,5,1040,2080,135000
1969,10793,5,780,1620,152000
1969,11075,5,784,1968,172000
1969,11643,5,1248,2634,200000
1969,9750,6,1054,1054,151000
1969,16381,6,1844,1844,223000
1969,9364,6,663,1352,158000
1969,11075,6,952,2112,206900
1969,21453,6,938,988,180000
1969,9600,7,1164,1164,140000
1970,10615,3,978,1699,95000
1970,8120,4,864,864,124500
1970,6960,4,864,864,120500
1970,9353,4,864,864,116050
1970,2001,4,546,1092,75000
1970,2217,4,546,1092,88000
1970,1936,4,630,630,84500
1970,1477,4,630,630,80000
1970,9873,4,960,960,129000
1970,8750,5,1002,1002,148500
1970,7244,5,768,768,129500
1970,2016,5,630,1302,106000
1970,2368,5,765,1365,125000
1970,1533,5,630,630,92000
1970,10800,5,954,2414,160000
1970,11241,6,1004,1004,149000
1970,11717,6,1442,1442,185000
1970,12155,6,1657,1657,163500
1970,12925,6,1205,2117,237500
1970,1869,6,483,987,106000
1970,10400,7,1304,1682,174000
1970,10628,7,1277,1277,167000
1970,9550,7,756,1717,140000
1970,10800,7,880,1768,163000
1970,15863,7,824,3082,197000
1970,15865,8,2217,2217,268000
1971,10500,4,864,864,115000
1971,10500,4,864,864,97000
1971,8125,4,858,858,88000
1971,7340,4,858,858,110000
1971,8294,4,858,872,123000
1971,9000,4,864,864,120500
1971,12243,5,1484,1484,175000
1971,9758,5,950,950,119500
1971,1680,5,630,1302,112000
1971,1920,5,765,1365,122500
1971,10530,6,981,981,143250
1971,14803,6,825,1993,190000
1971,8816,6,1010,1052,155000
1971,9400,6,912,1824,139000
1971,1680,6,483,987,89500
1971,1680,6,483,987,85400
1971,1680,6,525,1092,88000
1971,1680,6,672,1218,91500
1972,12735,4,864,864,111250
1972,8172,4,941,1470,135000
1972,10012,4,1138,1181,137500
1972,1890,4,630,630,81000
1972,1491,4,630,630,75500
1972,7200,5,780,780,124900
1972,7180,5,864,864,127000
1972,9800,5,894,894,149900
1972,7200,5,894,894,123000
1972,15523,5,864,864,133500
1972,7700,5,882,882,112500
1972,9560,5,864,864,128500
1972,1680,5,630,1302,119500
1972,9525,6,994,1855,136900
1972,10400,6,732,1790,165150
1972,12936,6,723,1395,162000
1972,9600,6,1156,1520,153000
1972,10448,6,689,2119,158000
1972,1680,6,483,987,94500
1972,1680,6,672,1218,118000
1973,1974,4,546,1092,83500
1973,1596,4,462,988,91000
1973,8100,5,1559,1559,153500
1973,9246,5,1656,1656,135000
1973,1890,6,672,1218,113000
1973,1680,6,483,987,100000
1973,3964,6,942,2521,151400
1973,1953,6,483,987,83000
1973,13651,7,2223,2223,244000
1973,9600,7,1242,1242,175500
1973,10382,7,1107,2090,200000
1974,17920,5,1763,1779,170000
1974,13350,5,864,894,142500
1974,9000,5,896,1792,136000
1974,10140,6,1064,1350,165000
1974,9120,6,901,1876,185000
1974,2308,6,855,1322,147000
1974,10625,7,1053,1173,170000
1975,32463,4,1249,1622,168000
1975,10010,5,1389,1389,170000
1975,10356,5,969,969,122000
1975,7990,5,924,924,110000
1975,10140,5,1056,1074,153500
1975,32668,6,2035,2515,200624
1975,13500,6,1602,1252,235000
1975,11475,6,713,1552,179900
1975,9400,6,945,980,127500
1975,70761,7,1533,1533,280000
1976,10650,5,894,894,128200
1976,10304,5,780,1868,197500
1976,10780,5,911,954,132500
1976,9297,5,1728,1728,188000
1976,11500,5,1680,1680,136905
1976,4224,5,1040,1060,129900
1976,4224,5,1142,1142,134000
1976,2592,5,536,1112,85000
1976,2665,5,264,1304,115000
1976,9600,6,1262,1262,181500
1976,7917,6,1143,1113,148000
1976,11361,6,1193,1523,180000
1976,18800,6,796,1574,190000
1976,12046,6,848,2030,195000
1976,15576,6,840,1680,177000
1976,17871,6,1680,1724,197900
1976,7200,6,1041,1125,125000
1976,7819,6,1029,1117,107000
1976,11333,6,1029,1062,146800
1976,12328,6,1012,1034,169900
1976,12640,6,1728,1728,150900
1976,4928,6,1078,958,128000
1976,4928,6,958,958,143750
1976,2280,6,855,1456,148500
1976,2308,6,804,1548,155000
1976,10400,7,1090,1370,152000
1976,12384,7,793,1935,197900
1976,10480,7,803,1964,205000
1976,10140,7,832,1664,162900
1976,15498,8,1565,2898,287000
1977,7711,4,1440,1440,150000
1977,12984,5,1430,1647,217500
1977,7064,5,980,980,135000
1977,15611,5,1126,1126,175000
1977,17400,5,1126,1126,160000
1977,8385,5,985,985,149900
1977,8400,5,0,2020,144000
1977,10125,5,0,1734,126000
1977,18890,5,1361,2620,190000
1977,2665,5,757,1475,127000
1977,11751,6,1844,1844,190000
1977,10125,6,1196,1279,171500
1977,11250,6,1208,1208,165000
1977,8197,6,660,1285,143500
1977,9819,6,1567,1567,196000
1977,9650,6,1350,1334,167900
1977,10900,6,689,1392,161750
1977,7950,6,690,1426,159500
1977,9880,6,1096,1118,171000
1977,10530,6,975,1004,135000
1977,4043,6,1069,1069,140000
1977,4043,6,1069,1069,127500
1977,11900,7,1386,1411,82500
1977,10005,7,1160,2022,192000
1977,11952,7,808,1969,190000
1978,12342,5,978,1422,139900
1978,8430,5,1040,1040,124000
1978,16157,5,1360,1432,194000
1978,9101,5,1097,1110,165500
1978,9500,6,816,1977,165000
1978,7844,6,672,1400,149500
1978,11616,6,672,1386,158900
1978,11184,6,918,1683,172500
1978,10395,6,1032,1032,148000
1978,10970,6,940,1026,147000
1978,7540,6,888,912,156000
1978,8930,6,0,1902,112000
1978,2289,6,855,1441,148500
1978,2280,6,855,1456,146000
1978,11880,7,1271,1601,157000
1978,16692,7,1392,2784,250000
1979,11235,4,1051,1382,148000
1979,7018,5,0,1535,118964
1979,7018,5,1086,1224,153337
1979,7032,5,943,943,135960
1979,7018,5,0,1535,118858
1979,7018,5,0,2240,142953
1979,18450,6,1021,2380,129000
1979,7892,6,918,918,99500
1979,23595,7,1332,1524,260000
1979,11584,7,539,1725,197000
1980,7763,5,931,1283,140000
1980,9200,5,938,938,130250
1980,7200,5,936,936,140000
1980,10240,6,1686,1686,207500
1980,6000,6,1103,1103,110500
1980,6979,6,1056,1056,144000
1980,8012,6,923,923,143000
1980,10762,6,626,1217,120000
1980,1950,6,716,1556,151000
1980,1300,6,561,1229,124000
1980,13005,7,845,2353,260000
1980,14115,7,1372,1472,187500
1981,10440,5,440,1230,110000
1981,16647,5,1390,1701,171000
1981,12090,6,1422,1422,175500
1981,12546,6,1440,1440,182900
1981,9786,6,912,1734,159000
1981,8400,6,650,1564,171000
1981,16669,8,1686,1707,228000
1981,9600,8,2524,2524,278000
1982,8470,3,1013,1526,85000
1982,8314,5,816,816,124500
1982,9144,5,883,1505,145000
1982,7200,5,1208,1904,138000
1982,8740,5,840,860,137000
1982,7252,5,858,858,134900
1982,6780,6,520,754,84500
1983,9503,5,1024,1344,144000
1983,10000,5,864,1144,131400
1983,8885,5,864,902,131000
1983,9180,5,840,884,144000
1983,9187,6,1084,1080,134000
1984,11120,6,1232,1232,162500
1984,11029,6,1054,2654,250000
1984,7937,6,1003,1003,142500
1984,7175,6,744,752,125000
1984,13125,7,800,1740,219500
1984,5062,7,1190,2090,207500
1984,5814,8,1220,1360,187500
1985,7535,5,912,912,120000
1985,6951,5,876,923,119500
1985,8780,5,833,833,112000
1985,9672,6,1040,1097,152000
1985,11200,6,1298,1298,180000
1985,12508,6,983,1750,160000
1985,9206,6,741,1732,178000
1985,6820,8,1488,1502,212000
1985,6563,8,1742,1742,275000
1986,12416,6,1606,1651,184000
1986,13728,6,1127,2108,235000
1986,5271,7,1453,1453,190000
1986,17671,8,916,1742,168000
1986,3696,8,1074,1088,170000
1987,14175,5,1188,1437,168000
1987,10410,5,660,1656,135000
1987,13825,5,533,1601,140000
1987,14585,6,1144,1429,181900
1987,13811,6,1112,1137,176000
1987,11500,7,1017,2057,250000
1987,10380,7,1502,2730,301000
1987,5306,7,1064,1767,239000
1987,5250,8,684,2358,122000
1987,50271,9,1842,1842,385000
1988,10800,5,1200,1200,179000
1988,9600,6,1240,1632,139000
1988,13175,6,1542,2073,210000
1988,11457,6,1392,1412,175000
1988,10400,7,1845,1872,241500
1988,13837,7,1204,2183,229000
1988,13700,7,864,1820,201800
1988,10421,7,980,1714,196500
1988,9000,7,650,1482,143000
1989,11250,4,1104,1788,161500
1989,9286,5,1268,1268,143500
1989,10800,5,796,1466,170000
1989,10029,6,1151,2060,211000
1989,10200,6,1461,1509,175000
1989,19900,7,1947,2207,180000
1989,14364,7,1157,2062,277000
1989,11287,7,807,1982,228500
1989,12800,7,1518,1644,275000
1989,11070,7,1907,1959,171000
1989,4671,8,1228,1228,189000
1990,4800,4,1196,1196,109900
1990,8532,5,1297,1297,153000
1990,8172,5,864,864,115000
1990,9638,6,804,2447,169000
1990,6171,6,976,1608,137450
1990,11841,6,816,816,118500
1990,11851,7,1424,1442,180500
1990,8049,7,1309,1339,180000
1990,13600,7,768,1986,205000
1990,26178,7,1210,2519,335000
1990,12376,7,1673,3222,320000
1990,11839,7,1475,2329,262280
1990,9600,7,728,1641,178000
1990,9572,8,1453,2810,302000
1990,25419,8,1360,3112,235000
1991,8973,5,1008,1053,150000
1991,7438,5,504,1252,127000
1991,9000,5,636,1750,124000
1991,7000,5,1117,1347,107500
1991,7153,6,1278,1294,179200
1991,9350,6,1302,1302,158000
1991,10357,7,910,1442,179900
1991,14684,7,2158,2196,271900
1991,13758,7,1156,1717,187500
1991,20544,7,791,2093,215000
1991,13474,7,700,2243,225000
1991,11170,7,1216,2514,250000
1991,13125,7,1104,2127,238000
1991,9947,7,1188,1217,173000
1992,8176,5,1056,1056,139000
1992,10712,5,974,974,93500
1992,7200,5,788,804,119000
1992,6240,5,1078,1573,162900
1992,9248,6,1158,1167,173000
1992,53107,6,1580,1953,240000
1992,7153,6,761,1603,175900
1992,11218,6,1055,1845,189000
1992,9069,6,936,996,147000
1992,8012,6,1575,1575,179200
1992,3378,7,651,1389,135000
1992,10186,7,750,1923,190000
1992,10192,7,570,1920,170000
1992,10784,7,384,1472,160000
1992,9125,7,384,1482,163900
1992,16059,8,1288,2417,260000
1992,10041,8,908,1915,220000
1993,9991,4,1281,1620,150000
1993,10708,5,1617,1867,190000
1993,10335,5,1461,1721,180000
1993,6120,5,715,875,105000
1993,9760,6,822,1851,187000
1993,9636,6,808,1593,178000
1993,9765,6,680,1470,185000
1993,9291,6,832,1710,187000
1993,3600,6,684,1368,114504
1993,7892,6,1199,1199,153900
1993,9900,7,1347,2646,260000
1993,11228,7,1080,2097,228000
1993,9317,7,740,1775,213000
1993,11414,7,728,2019,167500
1993,12692,8,3200,3228,430000
1993,14541,8,1338,2520,310000
1993,10846,8,1719,1719,324000
1993,5395,8,1337,1337,180000
1993,22950,10,1107,3608,475000
1994,53227,4,1364,1663,256000
1994,7500,5,1246,1246,154000
1994,6993,5,912,1236,135000
1994,8775,5,990,990,126000
1994,9600,5,702,1472,125000
1994,18030,5,1598,3086,200500
1994,7685,6,697,1501,165600
1994,7837,6,799,1571,178000
1994,8462,6,928,1721,201000
1994,11526,6,588,2555,191000
1994,11888,6,844,2134,214500
1994,9600,6,528,1855,187000
1994,8012,6,1604,1617,193000
1994,16659,7,795,2263,235000
1994,10542,7,1311,2418,341000
1994,9938,7,1050,1949,236000
1994,29959,7,973,1850,248000
1994,10944,7,1223,2127,271000
1994,14303,8,1986,1987,301500
1994,9554,8,777,1911,215000
1994,10120,8,1165,2526,290000
1994,10570,8,853,2727,315000
1995,9600,4,1067,1067,128000
1995,8070,4,990,990,123600
1995,10800,4,641,1047,100000
1995,6120,4,884,1573,133000
1995,8235,5,825,825,125000
1995,10859,5,1097,1097,145000
1995,9245,5,990,990,145000
1995,8072,5,990,990,138000
1995,13568,5,990,990,156000
1995,7200,5,803,1360,125500
1995,11767,5,768,1200,130500
1995,14115,5,796,1362,143000
1995,9480,5,728,1644,146500
1995,11782,5,1109,1155,148000
1995,7082,5,686,1928,160000
1995,11249,6,1200,1200,177500
1995,10320,6,756,1469,135000
1995,12227,6,1330,2872,272000
1995,8125,6,702,1481,174000
1995,11988,6,715,1660,188700
1995,8471,6,506,1212,151000
1995,10896,6,1440,3395,200000
1995,8750,7,915,1908,210000
1995,9950,7,1203,2520,290000
1995,12461,8,1624,1624,262000
1995,10437,8,2109,2113,350000
1995,12256,8,1463,2622,325000
1995,12257,8,1318,2531,290000
1995,9828,8,1128,2020,239500
1995,13860,8,1952,2704,345000
1995,21535,10,2444,4316,755000
1996,9717,5,1078,1078,142125
1996,8892,5,105,910,116000
1996,10011,5,1070,1236,134450
1996,11341,5,1392,1392,121500
1996,12464,5,1040,1040,152000
1996,5784,5,190,886,91300
1996,6342,5,780,1020,94000
1996,8820,5,1088,1869,124900
1996,8410,5,658,1184,81000
1996,7200,5,530,1111,101000
1996,8846,5,870,914,148000
1996,7630,5,360,1812,140000
1996,7407,6,912,1236,149700
1996,6768,6,912,912,142000
1996,10364,6,806,1572,168000
1996,13031,6,691,1498,187500
1996,8000,6,773,1658,188000
1996,10592,6,602,1502,165000
1996,9600,6,992,1661,165500
1996,7875,7,1237,1253,176000
1996,10593,7,1720,1720,260400
1996,11883,7,1504,1504,203000
1996,10832,7,712,1895,194500
1996,10667,7,799,1661,212000
1996,8750,7,880,1716,191000
1996,8530,7,384,1474,168500
1996,14720,8,2033,3238,410000
1996,8963,8,1142,2715,299800
1996,15138,8,1462,2794,403000
1996,10000,8,1220,2090,240000
1996,5100,8,588,1666,161000
1996,5389,8,1595,1616,236500
1996,9549,8,1494,1494,270000
1996,14963,8,1260,1288,245500
1996,35760,10,1930,3627,625000
1996,15623,10,2396,4476,745000
1997,16321,5,1484,1600,207500
1997,10200,5,672,672,108000
1997,3880,5,686,866,110500
1997,6000,5,884,1348,117000
1997,10690,5,672,1344,147000
1997,8400,5,720,2192,179500
1997,9236,6,1479,1494,217000
1997,45600,6,907,2358,240000
1997,10800,6,1522,2614,240000
1997,9303,6,872,1756,204000
1997,13869,6,794,1470,177000
1997,9337,6,824,1786,204750
1997,15426,6,928,1764,231500
1997,11207,6,802,1511,185000
1997,12798,6,616,1688,200000
1997,8773,6,916,1600,169000
1997,2887,6,1291,1291,173000
1997,15602,7,1501,1801,289000
1997,10208,7,1264,2344,265000
1997,11787,7,1379,2398,315750
1997,21872,7,729,1446,175000
1997,9920,7,1117,2013,269790
1997,14000,7,1306,2260,328000
1997,13006,7,964,2236,222000
1997,14100,8,728,3447,381000
1998,9230,5,864,1200,146000
1998,9842,5,612,2601,189000
1998,12400,6,1215,1215,155000
1998,12772,6,958,958,151500
1998,17043,6,1362,1586,181000
1998,8125,6,1408,1679,193500
1998,13125,6,1478,1493,208900
1998,5586,6,901,1198,79900
1998,10839,6,926,1604,181000
1998,9042,6,943,1638,192000
1998,9531,6,794,1796,211000
1998,8750,6,804,1682,200500
1998,4500,6,1237,1337,153500
1998,4500,6,1216,1216,164000
1998,4500,6,1204,1204,162000
1998,7200,6,1214,2291,133900
1998,14145,7,1208,1621,202500
1998,12137,7,1649,1661,224900
1998,16196,7,1482,1494,215000
1998,7642,7,912,1426,189950
1998,9375,7,1057,2034,219500
1998,7399,7,975,1950,239000
1998,10141,7,832,1718,185000
1998,16770,7,1195,1839,221000
1998,10400,7,866,1779,197900
1998,9084,7,935,1632,176500
1998,9750,7,1108,2097,274300
1998,10800,7,718,2554,159500
1998,7060,7,1344,1344,206300
1998,4058,7,723,767,133000
1998,9452,8,1396,2392,348000
1998,12011,8,1086,1924,280000
1998,12090,8,1141,2263,258000
1998,9200,8,1470,2630,315000
1998,16545,8,1284,2450,340000
1998,12168,8,965,3194,359100
1999,9937,5,1486,1486,167000
1999,12886,5,520,1464,175000
1999,9350,5,1219,1265,179900
1999,10106,5,644,1355,127500
1999,10140,6,1040,1309,181000
1999,24682,6,841,1675,181000
1999,6155,6,611,1362,128000
1999,4060,6,1405,1337,181000
1999,4500,6,1224,1224,165000
1999,3230,6,729,1458,176000
1999,3230,6,729,1471,172500
1999,10140,7,1650,1680,213250
1999,10264,7,1588,1588,214000
1999,10335,7,1490,1501,204000
1999,9017,7,1431,1431,192000
1999,11214,7,930,1886,199900
1999,8924,7,880,1724,188000
1999,11404,7,1153,2031,222500
1999,8738,7,975,2291,230000
1999,8755,7,992,2060,214000
1999,7500,7,994,1804,189000
1999,10762,7,978,1983,225000
1999,9179,7,873,1790,193000
1999,2280,7,744,1501,179400
1999,2572,7,696,1416,155000
1999,3735,7,691,1452,183900
1999,16226,8,1028,2452,267000
1999,12203,8,1225,2612,336000
1999,9430,8,1252,2365,337000
1999,14774,9,1393,2599,333168
2000,6000,4,901,901,107900
2000,5925,4,907,1131,89471
2000,11767,4,560,1346,112000
2000,10800,4,0,1294,106250
2000,7200,5,900,900,134800
2000,14559,5,1008,1363,164900
2000,5400,5,833,833,117000
2000,13300,5,928,928,132000
2000,5868,5,936,936,129000
2000,8712,5,992,1306,153000
2000,13125,5,1134,1803,155000
2000,10000,5,1176,1178,157000
2000,4500,5,793,1520,159434
2000,5687,5,780,1716,135900
2000,16635,6,1602,1602,215000
2000,10267,6,816,838,130000
2000,12354,6,684,1196,110000
2000,13053,6,833,1848,207000
2000,6000,6,698,1176,134900
2000,8400,6,940,1595,140000
2000,9130,6,800,1632,173000
2000,7917,6,953,1647,175000
2000,12224,6,992,2054,244000
2000,8121,6,953,1664,172400
2000,8123,6,982,1800,179000
2000,8063,6,924,1690,181000
2000,10852,6,959,1671,173000
2000,10261,6,936,1792,186500
2000,2117,6,756,1525,177000
2000,2117,6,756,1512,168500
2000,2117,6,756,1573,177500
2000,10800,6,482,1912,163000
2000,9382,7,1468,1479,191000
2000,9100,7,1525,1525,235000
2000,13346,7,1095,2295,268000
2000,8795,7,952,2256,236000
2000,10316,7,992,1865,235000
2000,7500,7,814,1674,216000
2000,7200,7,776,1502,149000
2000,7750,7,384,1430,180000
2000,9967,7,384,1430,170000
2000,2160,7,600,1252,160000
2000,2651,7,673,1382,165000
2000,10678,8,1683,2872,285000
2000,9066,8,1004,1852,230000
2000,14260,8,1145,2198,250000
2000,11000,8,969,2285,248000
2000,11194,8,1406,1936,230500
2000,5330,8,1494,1652,251000
2000,5664,8,1501,1659,278000
2000,2645,8,970,1739,172500
2000,2645,8,776,1441,174000
2000,11050,9,1440,2153,313000
2000,5119,9,1698,1709,328900
2000,13500,10,1237,2775,325000
2001,10246,4,648,960,145000
2001,7758,5,999,999,132500
2001,8246,5,1060,1060,154000
2001,5500,5,926,1316,130000
2001,8635,5,672,1285,127000
2001,12615,6,1202,2158,243000
2001,10603,6,1610,1610,205000
2001,6300,6,742,1484,128000
2001,8450,7,1349,1349,179000
2001,9750,7,1630,1630,213000
2001,8529,7,1454,1434,189000
2001,9100,7,1212,1212,178000
2001,6120,7,832,854,132000
2001,9505,7,884,2035,222500
2001,12435,7,963,1792,231500
2001,7050,7,1057,1929,226000
2001,12420,7,944,1840,230000
2001,11838,8,1753,1788,236500
2001,11885,8,1299,1872,261500
2001,8400,8,810,1665,227000
2001,4920,8,1338,1338,213500
2002,6000,3,649,1183,120000
2002,9098,4,528,605,86000
2002,1526,4,630,630,86000
2002,7800,5,896,2008,225000
2002,7200,5,864,864,129000
2002,8562,5,1216,1526,144500
2002,7388,5,1063,1327,150750
2002,7000,5,1010,1134,135000
2002,4280,5,440,694,90350
2002,10440,5,650,1539,157500
2002,9600,5,264,1432,132000
2002,8000,6,972,972,132000
2002,11029,6,1184,1414,176500
2002,16492,6,1517,1888,190000
2002,12209,6,804,1961,215000
2002,8068,6,1010,2267,200000
2002,7851,6,860,1960,216500
2002,7259,6,1028,2320,259500
2002,17500,7,1902,1902,335000
2002,115149,7,1643,1824,302000
2002,13704,7,1541,1541,205000
2002,16285,7,1413,1430,187100
2002,12803,7,1494,1494,221000
2002,8125,7,1654,1654,230000
2002,8749,7,1459,1459,192000
2002,9808,7,1573,1573,227000
2002,8880,7,948,2110,205000
2002,11250,7,920,1786,223500
2002,14006,7,936,1776,192500
2002,8935,7,831,1660,195000
2002,13450,7,916,1861,200000
2002,18386,7,1470,3493,295000
2002,6853,8,1267,1296,220000
2002,11423,8,1581,1601,272000
2002,14781,8,1753,1787,275000
2002,9742,8,1777,1795,230000
2002,14331,8,1800,1800,312500
2002,13265,8,1568,1689,271000
2002,9240,8,1055,2263,287000
2002,14191,8,967,1908,202900
2002,11250,8,1128,2290,255900
2002,11367,8,1065,1989,255000
2002,9473,8,1128,2031,237000
2002,9375,8,1284,2169,228500
2002,7750,8,408,1419,184100
2002,4923,8,1593,1593,286000
2002,11248,9,1626,1668,285000
2002,11400,10,2633,2633,466500
2003,4130,3,270,729,52000
2003,8777,4,0,1126,108000
2003,10200,5,1086,1086,144900
2003,9764,5,894,894,130000
2003,25095,5,1437,1473,143000
2003,6600,5,816,816,138000
2003,9600,5,845,893,135000
2003,5362,5,661,1250,139000
2003,7200,5,768,768,133900
2003,8777,5,1272,2200,145900
2003,8414,6,1059,1068,154500
2003,9135,6,1682,1700,200000
2003,8520,6,624,720,105900
2003,5310,6,485,1635,117000
2003,7861,6,783,1509,183200
2003,8791,6,864,1728,207500
2003,8730,6,698,1396,153575
2003,12090,6,585,1868,178000
2003,4435,6,848,848,140000
2003,4435,6,848,848,131500
2003,4435,6,848,848,136500
2003,20781,7,1568,2156,262500
2003,9135,7,1536,1536,214000
2003,10665,7,1453,1479,226000
2003,9196,7,1560,1560,201000
2003,10083,7,1176,1200,184900
2003,8450,7,1337,1337,185000
2003,12822,7,1434,2149,239686
2003,11426,7,1362,2082,200000
2003,17542,7,1192,2167,294000
2003,9453,7,996,1744,194500
2003,11316,7,817,1894,214900
2003,8450,7,856,1710,208500
2003,11317,7,840,1668,180000
2003,7750,7,660,1320,162000
2003,7226,7,798,1640,183000
2003,12394,7,847,1733,225000
2003,9548,7,941,1829,237000
2003,7875,7,783,1509,180000
2003,8158,7,884,1768,224900
2003,11700,7,1240,2640,265979
2003,9590,7,868,1146,187500
2003,7301,7,0,1922,198500
2003,3136,7,1405,1405,171750
2003,2628,7,764,1626,175500
2003,14536,8,1616,1629,270000
2003,10635,8,1657,1668,232000
2003,12244,8,1482,2262,305000
2003,53504,8,1650,3279,538000
2003,3196,8,1273,1456,215000
2003,13472,10,2392,2392,386250
2004,8546,4,1121,1121,140000
2004,8800,4,576,1140,96500
2004,7800,5,864,899,130000
2004,10768,5,1437,1437,218000
2004,13695,5,1114,1114,159000
2004,5232,5,680,764,73000
2004,6120,5,939,1513,137500
2004,21384,5,1324,1576,223500
2004,5400,6,1149,1616,152000
2004,14000,6,1092,1152,158500
2004,14115,6,1073,1811,230000
2004,14442,6,1477,1839,257500
2004,11040,6,1258,1258,145000
2004,13695,6,1114,1114,155000
2004,13072,6,1158,1158,158000
2004,6000,6,884,904,119000
2004,3950,6,818,1224,115000
2004,8366,6,798,1640,173000
2004,7415,6,839,1593,193000
2004,4435,6,848,848,144000
2004,4438,6,848,848,149000
2004,4426,6,848,848,141000
2004,4426,6,848,848,143000
2004,4438,6,848,848,144500
2004,4435,6,848,848,155900
2004,4426,6,848,848,149300
2004,8450,7,1436,1436,210000
2004,8773,7,1414,1414,185500
2004,10171,7,1517,1535,214000
2004,8487,7,1500,1500,190000
2004,14572,7,1530,1530,259000
2004,8500,7,1422,1422,179600
2004,7472,7,725,1479,184000
2004,8200,7,847,1928,219500
2004,9375,7,912,2094,263000
2004,10625,7,998,2046,284000
2004,6931,7,746,1656,165400
2004,11645,7,860,1720,196500
2004,8244,7,840,1720,183500
2004,8320,7,770,1582,185900
2004,9313,7,864,1728,190000
2004,10142,7,956,2084,233000
2004,10918,7,1276,2080,234000
2004,3196,7,1374,1557,234000
2004,8198,7,1358,1358,207000
2004,3072,7,1375,1414,178740
2004,4282,7,1391,1391,196000
2004,2448,7,764,1626,154000
2004,2268,7,764,1626,173000
2004,2522,7,970,1709,130000
2004,5105,7,551,1102,148800
2004,2522,7,970,1709,137500
2004,3363,7,976,1708,130000
2004,10655,8,3206,1629,284000
2004,9375,8,1053,1992,250000
2004,11999,8,1181,2374,285000
2004,12099,8,1136,2468,354000
2004,9056,8,707,1414,178000
2004,12677,8,1518,1518,274000
2004,12378,9,1896,1944,360000
2004,11846,9,1792,1792,374000
2004,13688,9,1572,2668,412500
2005,5820,3,1162,1163,126175
2005,7024,4,1132,1132,176000
2005,12000,5,924,1122,147000
2005,9250,5,1056,1056,139400
2005,7000,5,864,864,136500
2005,8500,5,793,1517,115000
2005,21930,5,732,1838,192140
2005,10500,5,372,1109,139000
2005,8393,5,1626,1712,145000
2005,3675,5,547,1072,145000
2005,8400,6,1319,1537,174000
2005,7930,6,1026,1026,156000
2005,13072,6,1141,1141,142500
2005,5684,6,813,813,110000
2005,9600,6,856,1668,140000
2005,13517,6,725,1479,130500
2005,11911,6,684,1560,174000
2005,8633,6,738,1476,173500
2005,12589,6,742,1484,174000
2005,8029,6,728,1456,176000
2005,5381,6,1306,1306,196000
2005,3675,6,547,1072,148000
2005,39104,7,1385,1363,241500
2005,7500,7,1080,1080,141000
2005,8400,7,1473,1484,213000
2005,9100,7,1860,1836,216837
2005,12118,7,1710,1710,240000
2005,7500,7,1221,1221,185000
2005,11645,7,1734,1734,260000
2005,12182,7,1541,1541,220000
2005,8767,7,1310,1310,164990
2005,7500,7,1257,1266,176000
2005,8688,7,1616,1616,232000
2005,16158,7,1530,1530,260000
2005,12552,7,991,1947,254900
2005,7795,7,716,1432,188500
2005,11796,7,847,1959,215000
2005,15384,7,788,1490,184000
2005,12393,7,847,1948,195000
2005,9803,7,866,1768,226700
2005,8199,7,728,1456,189000
2005,9675,7,1113,1971,253000
2005,10625,7,1026,1958,250000
2005,2500,7,910,1826,155000
2005,9600,7,689,1378,161000
2005,9587,7,856,1166,190000
2005,3013,7,1362,1506,213490
2005,7052,7,1364,1364,185850
2005,3182,7,600,1200,151000
2005,2544,7,600,1223,147400
2005,3180,7,600,1200,151000
2005,3180,7,600,1200,144152
2005,10084,8,1686,1694,307000
2005,9591,8,1713,1713,274900
2005,10386,8,2000,2000,305900
2005,11362,8,1836,1836,280000
2005,12134,8,559,1752,164000
2005,46589,8,1629,2448,402000
2005,13418,8,1117,2452,309000
2005,9591,8,1143,2473,317000
2005,11143,8,1580,2466,340000
2005,10927,8,1058,1904,275000
2005,10463,8,893,1801,239900
2005,10240,8,1030,2098,275500
2005,3182,8,1256,1269,192000
2005,3842,8,1594,1646,275000
2005,3316,8,1247,1247,197000
2005,16033,9,1833,1850,326000
2005,16737,9,1980,1980,315000
2005,8834,9,1462,2224,350000
2005,7313,9,1561,1561,277500
2005,7658,9,1752,1752,319900
2005,8849,9,1684,1684,266000
2006,4270,3,544,774,79000
2006,11100,4,0,930,84900
2006,7599,4,845,845,129500
2006,8923,5,1008,1008,134500
2006,9060,5,0,1340,120000
2006,9830,5,1063,1287,162000
2006,10007,5,1053,1053,145500
2006,21750,5,0,1771,115000
2006,8544,5,1228,1228,149350
2006,9525,5,1099,1099,144000
2006,7024,5,1090,1090,157000
2006,17217,5,1140,1140,84500
2006,7200,5,1022,1022,85000
2006,13360,5,876,964,163500
2006,8520,5,968,968,100000
2006,9022,5,768,792,109500
2006,8064,5,672,924,122900
2006,14778,6,1296,1640,224000
2006,9360,6,1161,1381,197500
2006,10237,6,1316,1316,169990
2006,7200,6,1262,1262,185000
2006,9317,6,1314,1314,176432
2006,159000,6,1444,2144,277000
2006,8461,6,728,1456,163990
2006,8846,6,750,1500,173900
2006,15578,6,728,1456,172785
2006,6882,6,684,1355,127000
2006,11512,6,1019,1357,177000
2006,7577,6,1362,1362,194700
2006,2522,6,970,1709,130000
2006,3675,6,547,1072,140000
2006,11210,7,1614,1614,221500
2006,10084,7,1552,1552,212900
2006,8990,7,1498,1498,204900
2006,8814,7,1604,1604,220000
2006,7200,7,1293,1301,187750
2006,14859,7,1670,1670,240000
2006,6762,7,1187,1208,206000
2006,7406,7,1199,1220,194000
2006,8556,7,1240,1240,194000
2006,6762,7,1286,1294,193879
2006,15660,7,798,1954,311500
2006,19378,7,1392,2462,320000
2006,8125,7,756,1553,186500
2006,9245,7,939,1797,213500
2006,14154,7,1063,2172,280000
2006,17104,7,654,1496,179665
2006,8760,7,1391,1962,239799
2006,8125,7,770,1576,197000
2006,23257,7,868,2021,274725
2006,14054,7,879,1863,219210
2006,11103,7,728,1456,155835
2006,9042,7,1152,2340,266500
2006,3010,7,1248,1248,167240
2006,3182,7,1373,1555,192500
2006,6792,7,1368,1368,202665
2006,3182,7,1145,1145,160200
2006,3182,7,1346,1504,181000
2006,3182,7,1346,1504,191000
2006,6955,7,1368,1368,202500
2006,4045,7,1356,1500,246578
2006,11443,8,1868,2028,369900
2006,11302,8,1814,1826,319000
2006,20896,8,2077,2097,423000
2006,10994,8,1844,1844,257000
2006,11096,8,1656,1656,249700
2006,11428,8,1626,1634,250000
2006,11146,8,1709,1717,255500
2006,14226,8,1935,1973,395000
2006,11216,8,1489,1489,232600
2006,13501,8,1623,1636,255000
2006,11957,8,1574,1574,232000
2006,10182,8,1660,1660,290000
2006,9037,8,1476,1484,265900
2006,10000,8,1588,1588,227000
2006,14215,8,1158,2376,325300
2006,10574,8,1082,1953,252000
2006,12665,8,1094,2482,281213
2006,10728,8,1095,1939,266000
2006,15611,8,1079,1919,233230
2006,9000,8,1088,1959,270000
2006,12438,8,1234,2576,361919
2006,11065,8,1085,1970,281000
2006,6442,8,1370,1370,202500
2006,4590,8,1554,1554,209500
2006,3982,8,1520,1567,264561
2006,6240,8,1324,1324,254000
2006,14157,9,1922,1922,377426
2006,14601,9,1838,1838,315000
2006,11670,9,1905,1905,320000
2006,11924,9,1175,2324,345000
2006,20431,9,1848,2728,437154
2006,16056,9,1992,2868,556581
2006,16259,9,1249,2596,342643
2006,13693,9,2153,2643,380000
2006,13891,10,2076,2076,465000
2006,13682,10,1410,2945,438780
2007,10800,4,656,968,64500
2007,12513,4,715,1738,104900
2007,5436,4,796,1154,125500
2007,9600,5,1113,1113,147000
2007,7922,5,1057,1057,109000
2007,7200,5,0,827,107500
2007,8536,5,1125,1125,155000
2007,8402,5,1120,1120,147000
2007,25339,5,816,1416,112000
2007,9735,5,384,1394,167500
2007,8445,5,768,768,133000
2007,21695,6,880,1680,222000
2007,5890,6,816,816,120500
2007,12205,6,832,2087,187500
2007,10237,6,783,1484,178900
2007,8499,6,616,1412,156932
2007,14598,6,894,1933,214000
2007,1680,6,483,987,118000
2007,27650,7,585,2069,242000
2007,8814,7,1274,1274,203000
2007,10652,7,1494,1494,279500
2007,9416,7,1726,1726,311872
2007,8899,7,1340,1340,181134
2007,6762,7,1208,1208,195400
2007,7314,7,1232,1232,194500
2007,3182,7,1266,1266,159895
2007,8993,7,1302,1302,176485
2007,11175,7,1316,1316,200141
2007,9849,7,1689,1689,248328
2007,7264,7,952,1548,205000
2007,8125,7,1092,1550,241000
2007,9965,7,1264,2696,383970
2007,8125,7,813,1665,205950
2007,10207,7,874,1761,227875
2007,9018,7,728,1456,179540
2007,7200,7,560,1135,155000
2007,11275,7,710,2978,242000
2007,12122,7,944,999,178400
2007,3922,7,1258,1258,172500
2007,3922,7,1258,1402,194201
2007,4274,7,1241,1241,199900
2007,4230,7,1352,1352,208900
2007,3684,7,1373,1555,174000
2007,3635,7,1386,1569,175900
2007,4251,7,625,1250,164700
2007,4017,7,625,1250,171900
2007,3604,7,689,1392,146000
2007,14977,8,1976,1976,440000
2007,10656,8,1638,1646,248900
2007,9986,8,1795,1795,147000
2007,15306,8,1732,1776,283463
2007,14230,8,1566,1600,256300
2007,11049,8,1234,1234,179900
2007,10206,8,1563,1563,245000
2007,12030,8,1694,1694,318000
2007,8089,8,1419,1419,392000
2007,9158,8,1496,1496,225000
2007,8925,8,1466,1466,201000
2007,12085,8,1734,1734,318000
2007,10991,8,1571,1571,239000
2007,15256,8,1485,1464,282922
2007,11764,8,1152,2270,290000
2007,9965,8,1466,2828,424870
2007,10562,8,1582,2161,325624
2007,9588,8,1482,2574,276000
2007,10769,8,866,1768,212000
2007,9000,8,1184,2610,303477
2007,4750,8,1573,1625,235000
2007,14450,9,2121,2121,415298
2007,13173,9,1652,1652,325000
2007,14892,9,1746,1746,377500
2007,11694,9,1822,1828,314813
2007,11923,9,1800,1800,239000
2007,11198,9,1122,2504,325000
2007,7820,9,1869,1869,318061
2007,12456,10,1700,1718,337500
2008,1533,4,546,1344,97000
2008,4456,4,736,1452,113000
2008,9405,5,698,698,118000
2008,7207,5,858,858,116500
2008,8872,5,912,912,147000
2008,12537,5,1078,1078,149900
2008,8800,5,1040,1040,150500
2008,6600,5,816,816,130500
2008,11409,5,768,1716,131000
2008,8640,7,1372,1372,250580
2008,11639,7,1428,1428,182000
2008,12274,7,1417,1428,227680
2008,5063,7,1314,1314,207500
2008,5001,7,1314,1314,230000
2008,11478,8,1704,1704,306000
2008,13891,8,1710,1710,372402
2008,10637,8,1705,1718,297000
2008,9520,8,1638,1646,293077
2008,11932,8,1580,1580,235128
2008,9000,8,1566,1566,262500
2008,11844,8,2046,2046,372500
2008,10475,8,1694,1694,245350
2008,10226,8,1622,1630,295493
2008,12444,8,1932,1932,394617
2008,10800,8,1034,2078,339750
2008,9000,8,768,1590,210000
2008,5587,8,1600,1652,392500
2008,13286,9,1698,1698,320000
2008,12898,9,1620,1620,315500
2008,14587,9,1498,1506,264132
2008,14948,9,1452,2713,446261
2008,11308,9,1104,2184,335000
2008,8769,9,1702,1702,367294
2008,14803,10,2078,2084,385000
2008,15431,10,3094,2402,555000
2008,12474,10,1682,2332,426000
2008,40094,10,3138,4676,184750
2008,13478,10,1722,2296,451950
2008,63887,10,6110,5642,160000
2008,11003,10,1017,2007,310000
2009,8450,5,894,894,138500
2009,10420,6,1212,1212,186000
2009,7862,6,1218,1218,208300
2009,3951,6,612,1224,164500
2009,3000,6,612,1224,173733
2009,10402,7,1226,1226,198900
2009,4403,7,1470,1478,222000
2009,9541,7,1502,1502,233170
2009,8640,7,900,1852,252678
2009,13159,7,846,1692,224500
2009,8640,7,756,1547,215200
2009,9612,8,1468,1468,244600
2009,12704,8,2042,2042,253293
2009,9262,8,1573,1578,287090
2009,8640,8,1300,1314,229456
2009,12327,8,1496,2132,316600
2009,8004,8,832,1935,263435
2009,17423,9,2216,2234,501837
2009,13214,9,2002,2018,378500
2009,9187,9,1766,1766,370878
2009,13518,9,1926,3140,485000
2009,13891,9,1734,2822,582933
2009,12220,10,2006,2020,402861
2010,6897,5,1040,1040,127000
2010,6371,7,1358,1358,224000
2010,12003,8,774,1968,269500
2010,12919,9,2330,2364,611657
2010,10159,9,1930,1940,395192
2010,11394,9,1856,1856,394432
